"testMat[, 1]","V1","V2","V3","V4","V5","V6","V7","V8","V9","V10","V11","V12","V13","V14","V15","V16","V17","V18","V19","V20","V21","V22","V23","V24","V25","V26","V27","V28","V29","V30","V31","V32","V33","V34","V35","V36","V37","V38","V39","V40","V41","V42","V43","V44","V45","V46","V47","V48","V49","V50","V51","V52","V53","V54","V55","V56","V57","V58","V59","V60","V61","V62","V63","V64","V65","V66","V67","V68","V69","V70","V71","V72","V73","V74","V75","V76","V77","V78","V79","V80","V81","V82","V83","V84","V85","V86","V87","V88","V89","V90","V91","V92","V93","V94","V95","V96"
0,38.2333333333333,37.7363606640381,37.3704238282912,37.0612366308104,37.4,36.9703907132062,36.6759635132186,36.5564285881816,37.8,37.229756640703,36.8992391666339,36.7587203695814,34.7,35.1835856967248,35.0911930967954,29.6,30.8770491553962,27.3,28.2802099025792,29,29.7053903489367,28.4,29.6654934329994,30.5892185888813,31.2738341134273,31.7692591023754,32.1454237382098,32.4168765634996,32.7011820960305,32.9659934770565,33.2442868154075,33.5453320805384,33.8255896112164,34.1284443240014,34.3772994596676,34.6213541219379,34.7563734850475,34.8563844623075,34.9552715831482,35.1717321629064,35.3977389143049,35.5672742257279,35.7170551114912,35.7902894135495,35.8616112523697,35.9426696058414,35.9733613307961,36.0119812961161,36.0324110348054,36.0349396730533,36.1014376523148,38.4,37.4745151374296,36.9832332338734,36.6800633809491,38.3,37.4901044984854,36.9681142703127,36.7027747639713,36.5570339101606,34.9,35.2886452711155,34.7566563904231,28.8,30.4174747002527,32.3,32.6529530493356,32.5,32.7950325420513,33.9,33.7817335441833,33.7613724748721,33.8019646040829,34.0073532871121,34.1620303129943,34.227723289556,34.3601315625497,34.5292614383956,34.7203017912371,34.9227075621484,35.10443302783,35.3384320490353,35.5149653355705,35.7430087147005,35.8492070238048,35.9217012190908,35.9713926111737,36.1751436147803,36.4418270606003,36.6554090541038,36.8882934243765,37.0037476581971,37.1383742923359,37.3044952174847,37.3646146945477,37.4412853090742
1,39,38.8195229022578,38.6649318911393,38.4029546068171,38.2412632371531,38.2327954019697,38.1881070943363,38.2851961937548,38.2920342708075,38.404778524544,38.4563782097204,38.5492835873691,38.5662284206291,37.8792987698873,37.0267849742346,36.1230440764894,34.7298438001357,32.8969801469108,32.237042379606,32.1351354593148,32.3208873467697,32.5461511309949,32.7115871487705,32.8710943974249,33.1039875705981,33.3443093598142,33.6876686132908,34.1323553662642,34.5604834462285,34.9579864339527,35.3852565734529,35.7875939094754,36.2108106877795,36.6062678734314,36.8718581646635,37.0007688495196,36.8341499748846,36.7854438250338,36.8226102359779,37.7220008885003,37.9663356942021,38.0325510819718,38.1947024835962,38.1502337228901,38.1053631864754,38.230001030095,38.1784209676324,38.1611246287957,38.0540074102205,38.0088100530917,38.230006424662,38.3419610193059,38.2774535196137,38.5172024513795,38.511417451553,38.4506214194287,38.586447093695,38.6083572416387,38.4830627117286,38.6389846004173,38.5755368568882,37.6459914248594,36.6304669544858,35.7386942952532,34.984664607493,34.3294801118426,34.2325193427121,34.7654063758862,35.006433876598,35.4964588848619,38.3,37.2469526770736,36.8430977396053,37.2928539691341,37.1828958192879,37.0945239527603,37.1120845823339,37.291121533772,37.3905237940491,37.598790291418,37.8770963105111,38.1744153866853,38.4859048049295,38.6651496095272,38.4349945098853,38.3292655181162,38.2801375181285,39.3281593834979,39.5206231890228,39.56288663675,39.9947855745027,39.9675590045061,39.9059718662816,40.1907909987543,40.0897319062516,40.0474633149149
2,38.1333333333333,37.6492194755033,37.3598312660628,37.0101305561607,36.799220959144,36.6873969765572,36.6806185700483,36.701882014173,36.7279508581049,36.8230056048229,36.8716355053228,36.912064629808,37.0118730231346,36.7145159342534,35.5205513556501,34.363918461161,33.1970560085536,28.2,29.0085219936433,29.7771120657744,30.3267451213594,30.8878166827214,31.3700165803778,31.7679173845051,32.1027698041176,32.3791562377195,32.6163262831064,32.9889682494861,33.265173558145,33.6161071046813,33.8918055824303,34.2276555256754,34.5185910800811,34.7567524540613,34.9934718779312,35.1420204156616,35.104373017829,35.1135417707597,35.1781022419716,35.7631871617626,36.0161823738283,36.1146536250348,36.1261115862848,36.2977887300108,36.3335824504579,36.303793967244,36.4077246676549,36.4271688778387,36.3872720089623,36.3438084450611,36.2988625609472,36.5291613648011,36.5797183795142,36.5620040422006,36.6952439660194,36.6962461058261,36.6456793042455,36.7758407757041,36.7637483357059,36.6944808877003,36.7964155399132,36.2510615377204,34.9941655999324,33.820489192947,33.1494574023809,33.3,33.0678558713812,33.0194896265425,33.1456741804997,33.3627168088016,33.5597193656327,33.7532574713706,33.9167201026755,34.1126568059208,34.2702704280352,34.5739218272751,34.8100215224247,35.1363365838077,35.3517235606216,35.6035146107637,35.8210042329344,35.9819081469389,36.2197875671161,36.3938619812714,36.3249399683951,36.3106458185371,36.3050776861626,36.9932988467763,37.2727204394181,37.3757380343191,37.3895852158441,37.77438472274,37.8898922616189,37.8508087416929,38.0563942475955,38.1041441200966
3,38.4666666666667,38.1747122628423,37,37.0274591811425,37.0393011981945,37.4,37.3314692360882,37.2985893309047,37.7,37.6283568648137,37.6005256713528,38.1,37.9708240434346,37.7525732219305,36.4234638798036,35.2006430777604,28.4,29.0336084243579,29.7240044710897,30.3894315328861,30.9881138520313,31.5553357996324,32.0527241685022,32.4606193861746,32.7903727129089,33.0660455372142,33.2998333782399,33.8107563867786,34.0999923064164,34.590038997849,34.8441710212298,35.180574691272,35.4405901634476,35.6050193512219,35.8332837145388,35.910572585161,35.8015503789268,35.7503937785135,38.7,38.1381452577132,37.7080679603048,37.3886159354948,38.4,37.9333537258407,37.5654589005899,38.3,37.8650898818833,37.5433636364316,37.2987592621374,37.1141883270742,38.6,38.1408290975354,37.7788277095958,38.7,38.2317772355549,37.8739816831275,38.8,38.3309957586282,37.9579556910553,38.9,38.3688606008938,37.5006035989572,36.0481261920672,34.7422813614569,32.2,32.4275172820348,32.7877735752726,33.1431668459529,33.444867388434,33.7242573168041,33.9772435560382,34.1961906501479,34.3851627453355,34.6310277295843,34.8606659079536,35.4018143467695,35.6957120746649,36.1520676018005,36.3597256387496,36.6567183591512,36.8570121493161,36.9281538019444,37.17290892366,37.3062635533565,37.1374132745766,37.0306420426825,41.1,40.1735127577377,39.4634687504399,38.9323347550685,41.2,40.3315688770653,39.6657593014494,41,40.2198523443117,39.6334499992239
4,38.3666666666667,38.1133269202015,36.8,36.8784071807705,36.9205014301144,36.9610569370438,37.1,37.1325477921034,37.1620533073858,37.4,37.4065415678562,37.4078783040883,35.9,36.2250987024186,35.7548777970667,35.1451190246414,30.5,30.4991375839211,29.8,30.3538025325849,30.8746449369995,31.4306576821351,31.8750594103835,32.237138377092,32.3,32.6783443005857,33.0188231615029,33.4479876303232,33.8009023779347,34.188004459901,34.4972854726689,34.8215475781891,35.122757183814,35.3789214050392,35.6217277156549,35.7511787971119,35.6991020958675,35.6853987886059,38.9,38.3413009651561,37.8961389513394,38.6,38.0395050199587,37.7130964498743,38.4,37.9204158167728,37.6326810136684,37.4157422679207,37.225735233852,38.6,38.0503348907124,37.7958861579558,38.9,38.3454094880167,38.0230707063993,39,38.436905130214,38.1174296217151,39,38.4447276542784,36.7,36.4586029580878,35.7363266192219,34.959320139376,32,32.419040906569,34.1,34.1058344705982,34.1384162215779,34.3347597353484,34.5199193684036,34.7124125300626,37.8,37.1691730666159,36.7181070861757,36.5425768640785,36.4318548854712,36.4912906445764,36.5178076442512,36.6307327763695,36.7605830667154,36.8783540773725,37.0754564067801,37.2077054341415,37.1018197725788,37.023057030679,41.3,40.4197430030678,39.7028516866256,41.4,40.3712042219718,39.807977644901,41.4,40.4527762284164,39.871723460031,39.4265554984291
5,38.3,37.7192820687669,37.3559488234395,36.7739092793006,36.4924308591052,36.3580935312196,36.4117099883006,36.4246867086062,36.4388863979958,36.5789648088686,36.6380621843651,36.6625446886685,36.8355089169149,36.8212447638377,36.1942804774321,35.3613170381465,34.4670916329804,31.947654550862,31.0113205696649,30.8346480607148,31.0011135711345,31.3037307398165,31.6692529026006,32.0226899514019,32.3322095529101,32.5977459161877,32.8257251958613,33.1812386093285,33.4628762232365,33.8344475800789,34.1105743938934,34.3993626972457,34.6480831710249,34.8346671549432,35.0307408698128,35.1559233792186,35.168129741065,35.1520210473936,35.1552374705807,36.1536029489581,36.4623835664585,36.4808136492169,36.3839397916587,36.6717187350854,36.6583427528251,36.5344644585085,36.7171805187179,36.6720843681391,36.547933924106,36.4105242795891,36.2818260535624,36.7112877208419,36.769985957202,36.6787831678388,36.9441165442147,36.9238744231234,36.7999722467284,37.0461683481936,37.0115847297969,36.8662189706983,37.0929131427491,36.8176828934982,36.0293862038038,35.0856317652159,34.3716480983485,33.3081392638934,32.9599956399156,32.9490658530998,33.0748089360933,33.2404820452024,33.4306586989341,33.6184601475439,33.7889992497203,33.9856174293476,34.1794856710371,34.5370042085238,34.8233004178162,35.1769625796485,35.423999028564,35.6828452835672,35.889743740122,36.0104556199634,36.1874932545898,36.3275213371481,36.3141085699886,36.2655772540506,36.2110161899629,37.5382525011265,37.8923504154435,37.8448887316153,37.6548209950427,38.3180737586694,38.3652694594523,38.1723590600341,38.529384030837,38.4601145251722
6,39.2,38.7027977944245,38.1992548584107,37.7736102803399,37.4613879678059,37.1926125432205,37.1208798574935,37.020832643988,37.0767626005722,37.0523550486924,37.1504302538047,37.1407304749401,37.2800847406558,37.1952492392168,36.2241567157118,35.5651272157686,34.9696456929329,32.9627307435153,31.8899364470637,30.9851877824905,31.003276056796,30.6388878012999,31.1893759623595,31.5612301961345,30.5,31.99183657049,32.3375927695903,32.6463146361962,33.1058441518601,33.3908203965926,33.8490359184203,34.0932728856388,34.5687929751946,34.8010298864398,35.1311833650513,35.286032265434,35.491863544097,35.6179134245178,35.7650388678194,35.9388085236613,36.3847063285113,36.5594688527821,36.6363789833853,36.792472286326,36.863676930266,36.830166100831,37.0056340757097,37.0081947495776,37.0768776284302,36.9565390904163,36.9717866390614,36.9869364286207,37.1392864794841,37.1252770296965,37.2735286138065,37.2923856003729,37.3411276347699,37.3322622998935,37.4135147966454,37.3223863677225,37.4144874537224,37.3566495405473,36.6519990408635,36.0062167845888,35.2561703651644,33.1750563656067,30.6,32.2564862430801,33.1014253051157,34.6281328309535,34.324116822063,34.3237747086226,38,34.9845103183371,34.7884045511852,34.8323288033719,34.9536550255482,35.1487621397513,35.3755996750509,35.5017596551063,35.8538569213725,36.010395489595,36.3287125867675,36.4219395029519,36.6444263799343,36.7212343415085,36.942780956238,37.1372683545587,37.6531885547392,37.8273693200145,37.9240830010797,38.2763640297805,38.4242851958258,38.3828656974776,38.5799302595061,38.5860744529991
7,39.9333333333333,39.3275098220649,38.8154486176377,38.3996442990736,38.0677408955323,37.7709682292289,37.617617036526,37.5065045784157,37.5092817541143,37.4725898289304,37.5347700939876,37.5467245973953,37.6240161306929,37.5516745334997,36.8161168013181,36.1396855752809,30.3,32.1718259234484,29.7,30.8369956532076,28.9,30.3135490270136,31.1561653877904,31.7146862755935,32.1267029189176,32.4049422272831,32.6803021424403,32.9836310897364,33.3805794021447,33.7197588654306,34.0989072637866,34.4251419292967,34.8133248473983,35.1091817390017,35.437423848895,35.6730481118321,35.905856625372,36.027007962981,36.189970528597,36.2583925338706,36.6086157255047,36.845637615613,37.0156203399072,37.1002524842883,37.2319978302824,37.264050228932,37.3472952502165,37.3887723810255,37.4667644672563,37.4317527201535,37.4538783246735,37.3853067188849,37.506667554497,37.533128022097,37.5913712299631,37.6205521001429,37.6955990322928,37.6549210339575,37.7388063076587,37.7169568485489,37.7426960757858,37.6692839077502,36.9554638814409,36.3017807594589,30.2,32.1694096468883,30.2,31.7529261130816,37.1,35.7968138777965,35.1572334108586,34.9298759323978,34.8384788217265,34.9443955014751,34.9439266564617,35.0228697236329,35.1743171951865,35.3775369615578,35.6077692029903,35.8032538037872,36.0883719507204,36.2976016479438,36.5788460804557,36.7696103430253,37.0092148351161,37.1098246208214,37.297541728848,37.3325561586706,37.7606416231687,38.0413789799933,38.2706019616864,38.4005434217719,38.6412814996491,38.7211038354311,38.8142588837318,38.887076980715
8,39.9666666666667,39.3301870840363,38.8624075919414,38.3523803549518,38.0252893786616,37.8203609987244,37.6997276882557,37.6635581165022,37.6554880405795,37.6617073127642,37.7264020548715,37.7707558965924,37.8013472484754,37.5995776434745,37.4962776932734,37.121263144127,36.5888731232146,31.6,31.8342200670199,30.8,31.6681539185688,32.2887316045571,32.800678643048,33.2289524343628,32.6,33.3621351364625,33.8603971041566,34.213860732947,34.5407671650055,34.8213416354869,35.1021861685132,35.3527613268338,35.6026167687194,35.8384044890879,36.0476684137649,36.2418386009314,36.3910206149711,36.4495072371732,36.4771652293227,37.0197776938511,37.3463596971066,37.4952095399633,37.7007981163621,37.7101647549411,37.7059154153428,37.8204217369649,37.789167303725,37.7542703293815,37.7040652714253,37.6363933242834,37.810401694876,37.7941354917628,37.8054607124316,38.0003389113367,38.0001458402125,37.9837531361128,38.1321182021797,38.1002104676026,38.0673302633108,38.1893878766032,38.1414327457733,37.8654671079455,37.5777402345326,37.0532238339481,36.4127618287987,32.9,33.7920146236556,36.5,35.7681624445872,35.4418517629734,35.3600624711049,35.394044335141,39.7,38.1384743816559,37.3130519273682,36.8715295753197,36.6971153287461,36.6490944568378,36.7102142628884,36.7947361216429,36.9119550228944,37.0394942246338,37.1561406062697,37.2968388020582,37.425525110873,37.4583964036502,37.457302720272,38.1411119152304,38.5179074493767,38.6545417590348,39.012026550313,39.0176033589996,39.0282869010393,39.3129916424234,39.2858355868326,39.2317826141677
9,42.1666666666667,42.5,41.6213041403967,42.3,41.4619125952263,42.4,41.514429033085,42.9,41.9370898712466,43,42.0369822579258,43.4,42.3759357097731,32.6,33.3093382701851,33.4473221065093,38.6,37.7245771431249,37.9,37.2173963527073,36.8,36.431513480696,35.8,35.6,35.3750263429288,35.9,35.6876860002486,36.5,36.2315025702868,37.9,37.4742871934875,39.4,38.8132990074922,40.2,39.5837618355988,39.1345102834039,38.7411012893934,40.2,39.6657037220774,40.5,39.9307179266331,39.4551034506105,40.9,40.2437826070548,39.7257481591768,41.8,41.0024314987883,42,41.1751184834871,42.1,41.2885271434101,42.2,41.3775873889415,42.7,41.7798841263879,42.8,41.8601488854283,42.6,41.7041425917495,42.5,41.6301629603849,39.3,38.3489114988686,37.6871132117268,39.6,38.6114798615352,38.5,37.8578740885911,38.6,38.1097211865904,39.3,38.6740609566859,39.2,38.6277995103366,39.9,39.1292468830661,40.5,40.3,39.6081518315879,41,40.259191990986,42.7,41.7490975279782,41.0448090450205,40.4246570491384,43.2,42.2065718612014,42.5,41.691521165472,41.0399710600847,44.5,43.3599023706357,42.4645205504039,43.9,42.9140836447246,44.8
10,44.5,43.5021633229336,45,43.9853980365829,45.2,44.1527121153021,45.4,44.3509006662247,45.8,44.6970027175488,46.1,44.9596677759598,41.8,40.8085733036176,33.3,32.9967033135502,39.6,37.9169262321556,38.8,36.6,37.7,36.9,35.6893651720704,35.2,34.695060628123,34.9,34.6036282779172,35.6,35.2753293029592,37.3,36.8827479467167,39.2,40,39.5576977733706,39.2903921226214,39.1463169246777,43,42.0324327341756,42.3,41.5632954142759,42.5,41.7781853560451,41.9,41.3155202920128,42,41.4156932897492,42.9,42.6,42.4,41.7973913141692,42.5,41.8329514060692,43.5,42.716244532468,44.5,43.4644008403022,44.3,43.3132739457201,43.6,42.7524165010176,42.3,41.6857270919738,41.1,39.490787626131,40.1,38.5204284002286,38.7,38.4,37.5,37.3,36.9976955870495,38,37.6823801056324,39,38.4864663112229,39.4,38.7563910151596,39.7,39.2039845410671,40.6,41.9,41.4203440850462,41.0623049761334,40.8796919255422,44.4,43.3816005512561,44.5,43.524039804181,44.6,43.7759771965066,45.2,44.349554358002,44.9,44.1490649581489,45.4,46
11,41.5666666666667,42.2,41.4418025552312,42.3,41.5144934709773,42.3,41.525254243539,42.8,41.926773511781,42.6,41.797320611153,42.6,41.814439155452,37.1,36.5383176242526,39.6,37.9857577370502,42.5,40.3598851435508,39.7,38.3728509613195,39.7,38.6208488981193,37.861574797787,37.3496491124232,36.985590050997,36.7276404128255,36.584388967985,36.4954474186798,36.510956067024,36.5744078012088,36.7237955276352,36.8728114142838,37.0304844734144,37.195812786957,37.3671293825495,43.4,42.0514320018796,41.7,40.8381569904642,41.7,40.8641764151955,41.4,40.6580411160828,41.4,40.6738881060343,41.7,40.9275643750018,41.7,40.9405266479757,41.7,40.9722206278788,41.6,40.9077473759995,42.1,41.2666471031901,42,41.2005606886805,41.5,40.8153948072594,40.7,39.7800362997988,42.2,39.9613900816477,40.2,38.8517574707695,39.7,38.7010351734623,39.7,38.895660205308,38.3458149717757,40.9,39.8695157741776,39.1686105115696,38.6686286670574,38.3158044375305,38.0818949960915,37.9606264612565,37.9041204014297,37.8899577727933,37.9170369623523,37.9759910173307,38.0670050446975,38.1732722683481,43.9,42.5320784032252,44,42.6599396149108,44,42.7695969902243,44.4,43.1289297091885,44.1,42.9278806274656,44.4,43.2129092680535
12,39.3333333333333,39.3689517642115,39.3216667648651,39.307774253565,39.2289447357943,39.1779657961002,41.6,40.2353005292395,39.744812597651,39.6002072903731,39.575143295404,39.5378178929283,38.4,38.0624743428337,35.2612949763024,34.0403169739542,33.4237928783743,33.8388798349231,33.8748220288061,33.9502094398191,33.796643004548,33.5820325864509,33.3960812781016,32.9,32.9257573630618,33.4,33.3894345561732,35,35.9,35.401966491206,37.4,36.8201877746916,39.7,38.6313277980079,38.6964345282667,38.5004799495971,37.9646096627527,37.5469338616898,37.6942178646961,37.6669232903793,40.5,39.2368137304565,38.4736221531914,38.4711142801235,38.4337442105915,38.3031960724693,38.6392718568799,41,39.861692202757,39.1877933564916,38.9214389381365,38.8509650621916,38.8307632360748,38.9628290798676,39.0646386022896,39.1808807063984,39.2247139033569,39.3036878430858,39.2693602358601,39.2034123232383,40.8,39.0799110004049,37.6424932344597,36.660341604217,35.9303450677321,35.8174649746314,35.5780235018953,35.4843250623968,35.4110718126705,35.6071139811426,35.7022220289203,38.7,37.6335736611551,38.6,37.3689054875463,39.6,40.2,38.9062695944202,40.8,39.3220988919373,42.2,40.5379302804976,40.5296768135166,40.2901595784978,39.5906629774345,39.0001789774529,39.2986605261796,39.2643403028264,42.2,40.7361206056527,39.8687103738863,40.3485073547574,40.3573541513744,40.2699046762102,40.4616741854367,44
13,43.8,42.4422797275916,44.1,42.7202731038214,43.9,42.5596924077265,44.2,42.8030719892624,44.5,43.0578100126975,44.2,42.8386980749799,36.8,37.1163863534635,36.5533371939579,36.1282482951848,35.8175188124193,35.6139217594652,35.6626310525136,35.663222971769,35.5484448078071,35.3867215152717,35.2030680060567,34.8,34.7257235596531,35,35.8,36.6,38.7,39.6,41.1,42.4,43.6,44.8,43.8,40.9,40.2472153933296,41.5,40.5961009013717,42.9,42.9,41.7628300257795,42.3,42.9,42.4,43,43.5,43.3,42.7,41.6438403395874,42.6,41.5952359588908,43.4,42.2164008689846,43.8,42.5197230157652,44.1,42.7599201653167,43.3,42.1387552552229,41.7,40.5334100217214,39.6226593382703,38.9131858067332,38.2937362546627,37.8110063791887,37.4480258637894,37.1956370653394,37.0650110081135,37.0579696117093,37.0742832010527,41.4,40.4021174961641,41.1,41.8,42.3,43.4,43.7,43.9,44.9,45.9,46.9,46,42.7,41.8702469778003,42.9,41.9205714293495,43.8,44.1,42.9196469471748,44.8,44.8,44.9,45.2,45.8,46.1
14,38.4333333333333,39.2377027219758,38.5847435652464,39.0854103107926,39.2,38.9558193748408,38.6207258030132,39.1783428070973,38.884537130914,39.4214221034248,39.1078561497362,39.4197779789572,39.170222585258,36.1002038944603,31.8454787773556,31.6448252651264,33.1604852006141,33.384012163024,32.7873353932799,32.9471823271197,31.8703267960783,31.6126543065504,31.2852250326904,31.9,32.1,32.7,33.2,34.8,35.8,36.5,37.9,39.3,40.2,40.9,39.8,38.7501504419507,37.3465112646586,36.7947613302971,37.211951044763,37.2852192419478,38.2719357702523,38.4392056289506,38.4,38.2129088740867,38.4185878878071,38.3320918224358,38.4788130443018,38.844445789698,38.6657644737646,38.5922256246708,39.3,38.6379329897321,39.6,39.0524697157126,39.8,39.2693642679943,40,39.3333242856433,40.1,39.1021711183083,39.3,36.5443164263217,33.3429792690163,33.6815284349048,35.3897298704265,35.084303589213,34.7020430608052,34.7465144544276,34.5335051542058,34.8972850996221,35.0125481077107,38.7,38,38.1,39.1,39.8,40.2,40.6,41.2,41.6,42.5,43.1,42.1,40.8737506962361,39.3467236673207,39.0084095704397,39.1951414532183,38.9687507022757,39.7702755510099,40.3266461207381,41.4,40.7097214245246,40.6561953192511,40.8542102146113,40.7794241627873,41.4824200306679
15,37.2,36.9442877901343,37.8,37.1219170464678,37.0182072616611,38.2,37.4969130407335,38.6,37.8590031619186,37.3326875404732,39,37.9367388567925,35.2,36.2162268789672,32.5618128897265,30.6497712327009,29.3611098516682,29.6678577077887,29.8964010377168,30.0996560899211,29.9311137853647,29.738075251085,29.3743307791932,25.5,25.6,26,27.2,29,30.3,31.1,32.3,34.2,35.7,37.1,37.1,36.3842968837573,35.8328582930066,35.3134768769424,35.4293949945157,35.4512486947217,35.8462518875199,35.8837062721028,35.8572664800349,35.9676064120437,37.6,36.599342364156,38,36.9784039775251,36.7890235173102,38.4,37.4934297937627,38.6,37.7497451607326,39,38.0037914201492,37.3207183206284,39.4,37.9492421426029,37.6546388492749,39.7,38.3876345749865,36.6710471204163,34.1319689206131,32.9764617032283,31.6073642289515,31.5100116935331,31.6625752013605,31.7745954989041,31.9849925252603,32.5085446679695,32.7705398405474,32.8,32.2,31.6,33.1,34.3,35.3,35.8,36.5,37.6,39,40.1,40.2,38.9184785480778,38.1127050913443,37.4725334285964,37.6926610945292,37.6008630140812,37.8749267480488,37.889499719419,38.0763333096788,38.4902267793354,41,39.5440723204936,41.8,40.0775183047225
16,40.2666666666667,40,39.5096479838119,40.2,39.620271827699,40.5,39.796745257044,40.9,40.1420699915332,41.6,40.6412881978729,42,40.928777851602,33.8,33.4177399063785,30.7,30.9945348117719,31.1952447656924,31.3976593206589,31.4809130452222,31.3105242448541,31.1650640932769,31.0341899767074,27.8,27.8,28,29.9,31.8,33.3,34,35.1,36.6,37.8,38.8,39.4,38.6,38.1107192296198,39.3,38.5147436732518,40.4,39.5259288883609,39.9,39.1394251836059,39.8,39.2248186717752,39.9,39.303025197935,40.3,39.631437955075,40.8,39.8213125881725,41.3,40.2180857378863,41.6,40.4774445083151,41.8,40.6481314048721,42.2,40.9507447115636,42.4,41.0145550267917,34.4,34.7281628269753,31,31.907847642175,32.4501893092268,32.8359715271332,33.0307041149766,33.3122862356364,33.6709461434278,33.9809907499272,35.5,35.3,35.1,36.5,37.3,37.8,38.1,38.8,39.4,40.3,41,41.6,41.1,40.3743515140011,41.9,40.8195367951883,42.4,41.3834994122129,43.6,42.1668303379429,43.8,42.5848883822094,44,42.7319480468347,45
17,37.3666666666667,37.4,35.8406238595199,37.6,36.0759623036351,37.9,36.3224864368285,38.2,36.5928185273493,38.4,36.7695310239586,38.7,37.0178569063172,34.7445119831516,33.0207651487921,19.6,21.4299008060792,18.1,17.8,17.6,17.5,17.5,17.5,19.3946039423723,20.9870065721927,21.795597306999,22.6441326637536,23.476815663711,24.2512908512604,29.6,28.7270444034701,29.0368904648942,33.7,34.6,33.5859870281473,32.813355431701,35.5,34.2063129001097,33.5637507687833,36.3,35.1055709270961,36.2,35.0923943811778,36.6,35.3828597969937,36.8,35.5542847582058,37.1,35.811422200024,37.5,36.2066566290565,37.9,36.557553313115,38.7,37.2250961582957,39,37.4600647276268,39,37.5084143454201,39.3,37.7615168984232,36.3820882813495,32.8902621059832,19.3,20.838738089667,18.8,18.5,19.3,22.2,25.3,28.1,28.3994623951548,28.6110792628142,28.6506123910085,28.720009880184,28.8054958393879,28.9011176942996,33.8,32.3483724182308,32.0925921575435,35.9,36.7,35.4161647549957,34.4112897435384,38.1,36.3590538132211,35.5383508980176,38.6,37.2058902951506,39.6,38.1294987026763,40.1,38.5600785501141,40.5,38.8847944888664,41.2
18,37,36.160524171307,37.7,36.769612786604,38,37.0162771164815,38.4,37.3731116498594,38.7,37.6309554838201,39,37.8887993177808,31.5,31.4259342126391,22.8,23.6354369134513,20.3,19.9,19.6,19.2,19,19,18.8,20.6700745666797,19,20.8685796023453,22.4075891238832,23.7040736703816,24.7778534632318,25.6795726041892,31.1,30.9852533986376,30.9151882759386,34.5,33.8702185032481,35.2,34.4625378624204,35.8,35.0341230507575,36.5,35.6488014180961,36.8,35.9122350040983,36.9,36.005635951474,37.1,36.1812583421422,37.4,36.4446919281444,38.1,37.0537805434414,38.6,37.464887759904,39.4,38.1170695542025,39.6,38.2815124407875,39.9,38.528176770665,40.2,38.7804308525841,24,24.6612224972525,21,21.1,21,20.7,21.9,25,27.6,29.9,29.9423994010233,29.2,29.4183459419398,29.6186306878213,29.8007886819214,29.9740964730442,30.1392813412482,34.6,33.9859784587901,33.5002097055598,36.8,35.8731067398073,37.7,36.6298689855646,38.8,37.6013818862811,39.6,38.3262304571201,41,39.5388179356725,41.5,39.9834636643845,41.8,40.2468972503868,42.8
19,37.4333333333333,35.9788041298874,35.60887669684,36.3057181048273,35.9157465302511,36.4617055481242,37.8,36.7164952308649,38.1,36.9806122048562,38.4,37.19976708509,34.4,32.6820512240155,30.7218795150262,25.1662930252273,23.2,24.6641182359126,21.6,21.3,23.9683600979841,20.7,20.5,23.3143468781278,24.3954408294443,23.6870190817117,24.7199614412138,25.512154962616,26.6318180991404,27.286873694399,28.1745646905945,31.0648415759603,31.5447988499998,31.6246788827632,33.7370480440443,33.5113476015005,34.1063650589874,33.7484087957208,34.7528154555286,34.3292667524281,35.2171634690856,34.7155990764758,35.2198377899005,35.0623054925204,35.4453912123917,34.9335440500737,35.8587901933605,35.2894359826882,36.0724009928042,36.9,36.5222812068354,35.7948772774194,36.8103551771267,38.5,37.3248444079953,38.8,37.445088269555,38.9,37.5729380984702,39.2,37.7303377839525,36.8120196864406,27.3974466048422,27.2798415655167,24.9279180018031,23.5,22.7,23,25.901807297497,26.7,28.8,30.8288603513982,30.7417418640114,30.4707397556763,30.3390961588878,30.5193518315215,30.7045682943024,31.1995654979995,31.3291164120827,33.6591418195098,33.7426627060198,33.6137170992554,35.6965539173424,35.3175331567262,36.074822539971,35.5127293641007,37.1197938467499,36.4089098111768,37.5470519966294,36.8687466786698,38.1548782061503,38.1071238484013,38.883357439922,38.0162790279768,39.1586594006521,38.2957957790104
20,37.6,36.4393311297074,38.3,37.0450078213684,38.7,37.364488932435,39,37.626892903243,39.4,37.9545339722875,39.9,38.36464014733,32,31.7776868726854,24.3,24.9145787211054,20.4,19,18.3,17.5,17.1,16.7,16.3,16.5,19.172994802513,16.7,19.4235989857012,24,25.0989433206384,26.0263401307428,26.8103246300044,30.4,30.4194811876708,30.5662511382141,33.8,33.2948073718107,34.7,34.007332141372,35.6,34.7796300760221,36.2,35.2508770873819,36.8,35.7326543434421,37,35.9021414028655,37.3,36.1571435513424,37.7,36.490886278947,38.2,36.8551629917277,39.6,37.9848292641263,40,38.2555981048947,40.4,38.5667543952238,40.7,38.8036093081287,40.3,38.4365562800736,23.7,24.6513493514442,21.5,21.5,20.7,21.7,24.1,26,28.1,28.2,28.6631761753014,24.6,25.9356022057072,28.7,29.0360237812455,29.3923977762843,29.7016068581355,33.2,32.805166402184,32.6545536023368,36.6,35.6769840440133,38,36.7372477444644,38.8,37.4100235914273,40.1,38.5155110200767,41.4,39.5902171828717,41.7,39.8510628505976,42.8,40.728958217255
21,39,37.8,36.9929381217596,38.2,37.3228577550419,38.4,37.433668178387,38.7,37.7017480095658,38.9,37.8870583371636,39.2,38.1546360798805,36.7343965663479,23.7,24.6760655895141,20.8,19.9,19.1,18.3,17.6,17.1,16.8,16.7,18.8602748432383,20.692402039182,22.0652672847949,23.1388442354915,25,25.7528742491205,26.6689364470748,27.4909236446103,31.5,31.6328738444551,31.792744622261,34.7,34.11964509408,35.7,35.0495029375218,34.602450227945,37,36.1364917580757,35.5337062858527,37.5,36.5944101560055,35.9109453644415,37.7,36.7718845482732,38.2,37.1930539286849,38.7,37.5495045434161,39,37.8999070024438,39.5,38.2560086681799,39.6,38.3528705962408,39.7,38.4440657667314,35.4,35.2665686793897,33.9307309689378,22,22.7036787368526,21.6,21,21.8,23.8,25.8,27.7,28.2556396903797,26.8,27.6571335691286,28.1726556664071,28.42227386795,28.794069310122,29.2109948682594,29.8076333432578,30.3446645360457,33.9,33.8560811602963,33.8207874527713,37.9,36.8415796354049,39.4,38.1280741821239,37.2340011090853,40.9,39.516393210366,38.6034945391893,41.4,40.0921044365931,39.1281706930165,42.3,40.8396345238097
22,39.1,39.6562642359318,39.1402595142947,39.1911577190596,39.3625856245193,39.466326972046,39.6016558014478,40.7,40.0505178648034,40.9,41.2,41.4,40.6112757546768,29.8,27.8,27.2,25.8,24.4,23.1,22.2,21,20.4,20.3,20.4,20.6,21.4,23.0684533820631,24.9996293408049,27.6703162974293,28.9526156464076,30.0504756790693,30.9511801433762,32.8962236939717,33.5287226987108,34.6588982525493,35.5393979590559,36.6604710594305,36.9393576445921,37.6505846576108,37.8257949010084,38.4232384938615,38.4128080199557,38.7429010767576,38.6918569154473,38.9398998420782,38.8310717974775,39.1839015392288,39.1036880570657,39.492032509267,39.4098176337928,39.8751514459246,39.7565407036722,40.0657692253525,40.1042163416137,40.2438454873989,41.4,40.509326661666,41.5,41.7,41.9,40.7669681282511,30.3,28.7,27.2,26.2,26.2,25.3,25.9,28.2,30,31.9,32,30.2,28.5,29.4878137460707,30.454737237951,31.8264936992872,32.5081574302394,33.1927521154198,33.6445581037093,35.4022474952269,35.7684764572764,36.7641406491189,37.6261167771512,39.2287534547627,39.539967730227,40.440909397793,40.4282348035448,41.17122431728,41.2434634982722,42.233418166863,42.2429852512128,42.6025587491195,42.3631382601115,42.7251345856347,42.6781906395109
23,36.9,37.1800129093755,37.7,37.6726648280563,38.1,37.9468808515274,38.3,38.1721627005526,38.5,38.7,38.9,39.1,35.9,35.7404612145934,28.4,28.5528616451771,25.6,24.3,23,21.9,21,20.2,19.9,19.9,20.1,20.5,23.2,24.8438829861696,26.8,28.0275178997759,29.6,30.1887726249869,31.7,32.2347870521167,33.9,33.965717592662,35.1,35.1495864099172,36.1,36.0806966159769,36.446992180385,36.6,36.7658594427311,36.6962274339493,36.8473913045311,37,37.0882515204883,37.0003008499128,37.3,37.2185743298546,37.8,37.6438156785119,38.8,38.1963975441611,39.3,38.3962589782508,39.5,39.6,39.8,40,39.093705828001,30.7,29.5,29.3569752244882,26.7,26.3,25.4,25.8,27.6,28.8,30.7,30.8,29.8,28.2,29,29.8585926468195,31.4,31.8937905075659,33.1,33.1566049939369,34.7,34.6805407381681,36.9,36.3890979287655,38.7,37.97427501645,39.3,38.7346354856094,39.0359919757109,41.3,40.82819255605,40.2368242449953,40.6137032380404,42.3,41.657112989116,40.865837127493
24,39.6,40.1,40.4,40.5,40.6,40.8,41,41.2,41.3,41.5,41.7,42,37.5,31.1,29,27.1,24.9,23.1,21.5,20.4,19.4,18.8,18.5,18.4,18.9,19.5,20.8460699196274,24.6,26.3205855711818,27.6340590425517,28.8708702684086,29.8813304979936,32.0128795286328,32.925461698202,35.1,36.6,36.9048761970243,37.8,37.9200484862068,38.9,38.7781062941963,39.3,39.1229207914411,39.6,39.3698251164726,39.9,39.6738595395378,40.1,40.7,41.3,41.4,41.5,40.7746426781497,41.8,42.1,42.2,42.2,42.2,42.2,42.3,38.1,31.9,29.7,26.8,25.5,25.3,24.1,24.8,27.1,28.6,30.5,31,29.2,26.3,27.8933565574658,29,30.603965944756,31.5187071845424,32.329362060555,32.9281664581718,34.8517852311288,35.5099887957975,38.4,40.3,40.0729046023597,41.7,41.2747316658583,42.6,42.05799771236,44.3,43.3921428797112,45.1,43.7994681722773,45.4,43.967735986986,46.9
25,37.4,37.9,37.6171412505276,38.4,37.9979592875162,38.7,38.236895658822,39.1,38.551142646285,39.3,38.6933641291688,39.8,39.0639664235051,28.4,29.0218901385402,26.5,25.2,24,22.6,21.8,21,20.5,20.1,19.8,20,20.3,22.0382829198695,25.6,26.6183826217886,27.5790016929773,28.6285297007598,29.6537139529725,31.1234968556385,31.8228850065755,33.2228378244328,35.3,35.6334012723867,36.2,36.4791920650853,36.8,37.1433583420117,37.2,37.4479605451988,37.3,37.5473647868988,37.2382268520708,37.7044713973883,37.4625020739001,38.5,37.9067582658189,38.3673005267086,38.9,38.7926712642886,39.6,38.9906735425341,39.8,39.0771546897297,39.8,39.0519184364627,39.9,39.1832884872804,28.8,28.6765132900551,27.2,25.9,25.4,24.3,24.5,26.8,28.1,30.2,30.5,29.7,28.1,28.5951793168468,30.1,30.5779574559595,31.0269663374801,31.6898287204232,32.3031315474336,33.5651954989095,34.0091004137886,35.2909790361899,38.7,38.5585222610573,39.5,39.471952333221,40.2,40.1503368305117,41.8,41.3953611891621,42.7,41.675527365491,40.6626257354765,40.9734771654531,40.4869397183361
26,39.5,39.4523828114271,40.3,39.4948630885983,40.7,39.8204422142203,41.1,40.1097259290517,41.5,40.4147304450961,41.9,40.710420227892,37.4,29.7,28,27,25.4,23.7,22.3,21.6,20.5,19.8,19.5,19.5,19.8,20.4,22.8,26.1,27.3,28.6,29.7660328263216,32.1,32.7728245126014,33.4883706152235,34.4667986327894,36.8,36.9986482655186,38.2,38.150230322631,39.2,38.9256810237892,39.5,39.1746954537671,39.7,39.3318466236876,40,39.6313003661879,40.5,40.0125174486117,41.2,40.5628176821201,41.5,40.748376263265,41.6,40.7258020843937,41.5,40.6599718969574,41.5,40.6344811019096,41.7,40.8046488081406,30.2,29.2,27.1,26.3,26,24.7,25.6,27.5,29.1,31.3,30.9,29.3,27.6,28.7,30.2,31.7,32.4,33.0321026074065,35,35.3750987916767,35.9080825090299,36.7062646716164,40.5,40.151903405015,41.9,41.2926380361098,42.8,42.0884938058463,44.5,43.4391932579874,45.4,43.8928212660843,45.7,44.077837569656,46.5
27,40.5333333333333,39.2,38.8944070965121,39.6,39.2934818287693,39.9,39.4832160387247,40.3,39.7541055877918,40.5,39.9141563070533,40.9,40.238493593975,30.6,28.7,27.5,26,24.8,23.7,22.8,21.9,21.4,21.1,21,21.2,22.4316551189649,22.9579135797773,27.1,27.7485669966826,29.6,30.0376981562401,32.3,32.9603702663532,34.8,35.2398027039138,37,37.3684301729796,38.1,38.370871782386,38.9,39.0440707121589,39,39.2879544951948,39.1,39.3726763564842,39.4,39.701596395846,39.8,40.0298531680232,40.2,40.3891943864639,40.5,40.4777089556418,40.6,40.3287075948196,40.6,40.3387762621476,40.6,40.2669044524113,40.7,40.4206951067773,30.4,29.3,27.6,26.5,26.2,25.5,25.9,27.7,29.3,31.1,31.8,30.3,29.1,29.4169097822257,31.5,31.5541477220134,33.3,32.9719399925687,35.7,35.4392824679812,37.5,37.386844499197,40.1,40.2701953046233,41.2,41.459312970987,41.9,42.0858076880806,43.4,43.1725720233734,43.7,42.9922618211329,43.9,43.0058630957357,44.3
28,40.1,38.8,38.2006429128214,39.3,38.5916905513964,39.6,38.7424791939288,39.9,39.0038766264085,40.1,39.1797961758133,40.5,39.5129489454426,28.9,27.3,26.3,24.8,23.7,22.5,21.3,20.1,19.4,18.8,18.7,18.8,19.4,22.0487207494464,25.6,26.8906535681573,28.4,29.2621524507591,31.9,32.2033779741704,34.6,34.5336017337045,37.3,36.7084895106515,38.3,37.6140727180383,39.2,38.3282491283264,39.5,38.5731683723245,39.6,38.6719592217456,40,39.0156693151648,40.4,39.3387980868779,40.8,39.7133801628562,40.9,39.7915896905712,40.7,39.6145893134351,40.7,39.6042986525821,40.6,39.5260891248671,40.8,39.6927988411501,28.8,28.1,26.2,25.2,25,24.2,24.5,26.5,28.6,30.5,30.6,28.5,27.2,28.5427729459162,30.1,30.6878372024366,31.8,32.2280408330058,34.8,34.7319074407636,37.1,36.7455124343598,40.8,39.6825081802971,42.1,40.7506853448574,42.8,41.4113493082461,44.1,42.5206891162187,43.8,42.3272231764859,43.8,42.347804498192,44.6
29,38.6,38.4528558902444,38.0641831838168,37.776445596342,37.9125516380085,37.824058902428,38.019259663142,37.8949709715471,38.2352349797156,38.1451944595465,38.3751637848598,38.3037768399569,38.6248726243404,31.4,30.8139699537337,30.6,29.3,27.5,26.5,26.3,26.4,26.1,25.5,24.7,25.4,26.3,26.3,28,29.3,30.7,32.1,32.1124308694871,34.8,35.7,35.6316180713125,35.6481862678224,36.1399474149291,36.1525733907057,36.6139419944942,36.7314242483035,37.2211469754904,37.2369100180361,37.5132110164633,37.4213191848766,37.6260535884013,37.5341362308345,37.815881117139,37.751480949355,38.0600344158743,37.8900548598236,38.2804215410588,38.1471026291105,38.4568733914582,38.2628019099874,38.4343750810092,38.2425945294162,38.4434534096812,38.2059195180422,38.4263057666269,38.1894665152282,38.4227334118706,30.7,30.6702247681551,29.3,28.3,27.8,26.9,27.3,29,30,31.7,32.2,32.8679796023101,30.4,30.7276425122957,32.1,33.2,33.9,35.2,34.7858042502629,36.7,38,37.8602907370589,37.8471203447603,38.5275740826145,38.5757003701173,39.2114038010191,39.1743499086709,39.6950943906065,39.6522284403778,40.2968189582756,40.3075610562821,40.5797511115209,40.3881806922032,40.62333538872,40.4900126071565
30,40.5,40.1,39.871818063824,40.4,40.1423466779131,40.7,40.4128752920023,41,40.6834039060914,41.2,40.8637563154841,41.6,41.2244611342696,30.9,31.5756072317579,35.3,35.5433602383982,34.7,35.00230301022,32.1,31,30.2,29.6,29.2,29.6,30.4,31.7,33.4,34.5,35.6,37,38.5,40.1,41.2,40.2,39.9619942685204,39.5,39.3307608356458,40.2,39.9619942685204,40.3,40.0521704732168,40.4,40.1423466779131,40.5,40.2325228826095,40.6,40.3226990873059,40.8,40.5030514966986,41.1,40.7735801107877,41.2,40.8637563154841,41.2,40.8637563154841,41.1,40.7735801107877,41.2,40.8637563154841,37.8,31.4,32.0264882552398,37.1,37.1665319229329,36.8,36.8960033088438,36.5,37.5,37.8,39,39,37.6,36.3,36,37,38.3,38.6,40.3,41.2,42.4,43.5,43.3,42.7574566141079,43.1,42.5771042047152,43,42.4869280000188,43.4,42.8476328188043,43.8,43.2083376375898,43.8,43.2083376375898,44.3,43.6592186610716
31,40.4,40.091379747055,40.4,40.1317442301748,40.5,40.2192682754138,40.0052360832477,40.9,40.5295201424578,40.2906823946682,41.3,40.8960718608408,37.5,37.8854005747553,30.9,32.3956110249076,37,36.6787158919745,36.4152040393274,34.7,33.8,33.2,32.6,32.8,33.2,34.2,35,35.8,36.7,37.8,39.2,41,41.9,41.1382054824811,41.7,41.0107322563071,39.7,39.4374071985369,40,39.7379329316376,40,39.7576121957633,40,39.7397365519658,40.2,39.9369250436504,40.2,39.956608795523,39.7379433383625,40.6,40.2278925364799,40.7,40.3302352257766,40.1051944528904,40.8,40.4363314008162,40.1326132562832,40.8,40.4017694496469,40.1505644106778,37.5,37.6799708964375,37.2,37.0319473748867,36.7,36.7010975164896,36.7467700629983,38.8,39.7,40.1,40.9,41.3,39.7,38.4,38.2,38.7,39.7,39.9,41.8,43,43.9,42.9030723695576,43.4,42.6469416242645,42.8,42.1150821642626,42.5,41.8965150000427,42.8,42.1742264408553,43.2,42.4670794762204,43,42.3784098808156,43.4,42.7348627725106
32,41.2333333333333,42,41.853920411624,42,41.7810658112761,42.1,41.9248991013748,42.5,42.2251781164019,42.6,42.4155957000707,42.9,42.7387733943373,31.6,31.7665780082857,32.0328670005826,32.5517259759328,35.4,34.8872296199319,33.3,32.3,31.5,31.1,31.2,31.6,32.5,33.8,34.8,35.7,36.7,38.3,39.7,41.3,42.6,42.5,42.0137198231369,40.7,40.402380879422,41.2,41.1942664992295,41.5,41.1845756000237,41.5,41.4036946563351,41.6,41.4367314433923,41.8,41.6437085225474,42,41.6866900671114,42.4,42.2278622160915,42.4,42.1901185633298,42.3,42.1415038233313,42.4,42.2456177423573,42.4,42.1799098284183,37.4,37.3318935980055,37.3,36.3554881209382,36.3313229097618,36.4943746534285,36.9,37.8,39.1,39.4,40.3,38.8,37.3,35.9,35.6,36.9,38.6,38.8,41.1,42.3,43.6,45.4,45.7,45.1184163248904,44.1,43.6726543527462,44.1,43.9896623775595,44.6,44.1125660607545,44.8,44.6513158869628,44.7,44.4154001842186,45.3,45.0083168729128
33,40.8,40.8747131027924,41.0542594950819,41.0639132499092,41.0224295838844,41.0282398848784,41.0772839898283,41.1577936932307,41.2827829316187,41.4075378973771,41.4778854758593,41.5477762937053,41.6845103243532,41.1351751947096,36.8972807336284,35.17694042013,33.55514899648,32.6405780341041,33.4707210657888,34.0732810085723,34.0380415177564,33.8313284513859,33.5914069312569,33.4715128617742,33.602964701733,34.9,35.9,35.7301553732549,37.5,38.4,39.4,40.1,40,40.2,40.4995791233091,40.4782732249185,40.3,39.6491066782395,39.5172938215105,40.1919221639521,40.2630474213121,40.3981119805454,40.3049161934933,40.4467128387402,40.4757177200533,40.5067938705176,40.5234735563152,40.6767116269025,40.5848230401683,40.6937306957104,40.5618775908449,40.9967814104339,40.9449042955987,40.9894253000627,41.0308983618289,41.0465228630248,40.9295185588001,41.1449045453872,41.0377125765887,41.0455553068384,41.0362234573344,38.9208450678344,37.2978089249536,36.3471331136976,35.6521250231083,35.7352380000748,36.0644757371755,36.6090744268578,37.0218069066678,37.9267652830039,38.3087701657646,38.8793301328331,38.6852749184704,39.3,39,39.7,40.6,40.7,41.6,42.4,42.7,43.1,42.9144238326072,42.9404233944937,43.4,42.1568315753104,41.7578431549166,42.3123162139795,42.2406957732658,42.4733259726504,42.4392544697524,42.7910209284709,42.8676206487995,42.8178180755072,42.8158727432014,43.1517673315997
34,38.9333333333333,39.3,39.3465864610891,39.5,39.4575474582272,39.6,39.5129475224075,40,39.9183938292923,40,39.9656629073484,40.4,40.2740796197949,30,29.9363036429643,26.3,24.3,28.3,27.8,27.3,26.5,25.8,25.4,27.0349382223137,26.9,28,29.2,30,30.9,32,33.7,35.2,37,38.1,38.4,37.7,37.9,38.3,38.5,38.7,38.8,38.6042290143995,38.8,38.5941722441129,38.9,38.6902373132484,39.2,39.0041225478744,39.2,39.0228850650411,39.6,39.3526826015046,39.6,39.4032056312885,39.3,39.1998335572549,39.4,39.2962375295402,39.3,39.1919619801553,35.3,35.1429234865091,27.5,28.6,32.9,33.1,32.3,33.1,34.7,35,36.6,36.5919530122959,34,32,32,32.9,34.2,34.4,36.1,37.5,40,42,42.2,40.5,40.9,41.1,41.3,41.5,41.7,41.2700343569101,42.2,41.7212321304182,42.3,41.8027882164725,42.7,42.2315011467277
35,39.7,39.4532147109734,40.7,40.2261136425529,40.7,40.2029340579492,40.8,40.3112324833429,41,40.5204014711677,41.4,40.7843978366749,38.2,38.6654862110897,36.3313451023965,30.5,30.6931497323001,30.9179509592227,32.7,32.8921471287599,30.9,30.4,30.2,30.5,31.1,32.1,33.1,34,34.7,36.1,36.9,38.1,39.2,39.2,39.4,38.5,38.5,38.9,39.1,38.818081401545,39.3,39.3,38.9834348154719,39.5,39.6,39.2539611815317,39.8,39.4526344643942,39.9,39.5511233869803,40.1,39.7550759065429,40.1,39.7645606982375,39.9,39.6416150191029,40,39.7267244729923,40,39.7154265530098,37.8,37.0546888659484,36.0140151447161,32.2,32.8863008479889,33.7624225614335,35.6,35.6225208705537,37.3,37.4,38.7,38.6,38.1842200841444,36.4,36.2,37,38.1,38.3,39.3,40.5,41.6,42.3,42.5,41.2,41.4,41.5,41.5,40.9733577800527,42,42.5,41.695914104006,42.5,42.5,41.8084544606827,43,42.2597952580803
36,39.1,39.0525555884784,40,39.4527583358179,40.1,39.3817015606312,40.3,39.5408907560934,40.5,39.7375202853798,40.9,39.9729351563448,35.9,29.1,26.9,23.9,28.0344740707097,28.4,30.4321785922859,30,31.4053710081642,32.1842427067308,32.6616430169927,32.9408440456597,33.002656120672,33.0675213614584,33.3,33.8495558008713,34.1825812066495,35.0128662878635,35.4657608879037,36.1131101142495,36.6796585566257,37.1421339688413,38.6,37.8,38,38.6,38.7,38.7,38.8,38.7,38.8,39,39.3,39.3,39.5,39.5,38.8640838322605,39.7,38.7320859994755,39.7,38.7653371020343,39.8,38.91802663567,39.7,38.9578343966472,39.7,39.0117857951565,40,39.0238676629575,26.9,24.2,25.3,35.3,34.8129975211578,33.8,34.1338190896348,34.3011749823298,34.3968341850648,34.5074517722414,34.6169955106236,35.3415278022637,35.699669221429,36.6,37.0550918303477,37.259591053894,37.8149243903432,38.0124028675431,38.3345000870209,38.6380537091783,38.8694912705573,42.3,40.2,40.5,40.7,40.8,41.2,41.6,42,42.3,42.4,42.5,42.6,42.9,43.4
37,39.8,40.5,40.6,40.5,40.7,39.6852812777544,41,39.9454088800239,41.2,40.1349058836971,41.5,40.33231457357,36.4,36.0764207397602,25.5,23.2,26.042722771454,25.6,27.4,29.0040723035407,30.0509979384437,25.3,27.7246873316936,29.3678791720092,30.3310522276442,30.9838590966405,29.9,30.9152736119932,31.9,32.6802924885761,34.3,34.6616234866288,36.9,36.7855542462748,37.8,37.4,37.9,38.6,38.8,38.7,38.7,38.8,38.9,39,39.1,39.3,39.4,39.4,39.7,40,39.0221529866933,40,39.8,39.8,38.9890105115118,39.7,38.9485885591025,39.7,38.9887430081626,39.8,39.0206013711586,26.1,28.6753149193664,24.9,27.539891989882,31.4,30.6,31.5768043538102,34.6,34.374467303388,34.2497037560868,34.1887033661304,34.5960716397055,34.8097458916791,32.5,33.6143703082123,35.2,35.6612909328634,37.3,37.1925898315227,40,39.2797818905945,40.7,39.7,40,40.2,40.5,41.3,41.8,42.2,42.5,42.6,42.8,42.8,43.1,43.8
38,41.7,42.2,42.3,42.3,42.3,42.5,42.8,43,43,43,43.2,43.2,37.9,29.2,26.5,24.2,27.6920476056583,27.2,29.2,28,30.0912581571614,31.4352997968095,32.2872940073678,32.8160055226991,32.8966618080716,32.9438267520725,33.5,33.6393887706829,33.9764680785392,34.6017722610603,35.9,36.3343875880295,36.9088055563043,37.5,38.2,37.8,38.4,39.2,39.8,39.9,40,40.2,40.3,40.4,40.5,40.6,40.8,40.9,41.1,41.5,41.5,41.5,41.6,41.4,41.2,41.4,41.4,41.4,41.3,41.5,36,27.2,24.8,26,29.2850575444312,33,32.2,34.3,34.5717850103911,34.751595951219,34.8946481044915,35.0141738772,35.8159169475644,36.1872672488584,36.5,36.9210358371168,37.3269340028255,37.7880029993972,38.1,38.4414931456254,38.8522147614397,39.5,40.1,39.8,40.7,41,41.4,42.2,42.8,43.3,43.6,43.9,43.9,44.2,44.7,45.5
39,39.9,40.7,40.6,40.6,40.6,40.7,40.8,41,41,39.8023357002321,41.5,40.0868316568738,36.1,28.5,26.7,25.3,28.0838454631074,29.8921894480539,29.8,30.4021912897905,30.702944703319,31.2556490857,31.7974118036781,32.2126435452897,32.4756019922961,32.6514408429023,32.6,33.450796040981,33.7453017199454,34.5102596963404,34.8206492045161,35.4565826744661,35.9007650307145,36.2387223967867,37.9,37.2,37.6,38.1,38,37.7,37.7,37.7,37.8,37.8,37.9,37.9,38.1,38.2,38.3,38.5,38.5,38.5,38.5,38.5,38.5,38.5,38.2966743756048,38.5,38.3284621640755,38.6,38.2805207456748,26.7,26,25.3,28.9177350767176,32.4,33.1391979299842,33.3456519213039,33.7016442677535,33.9052812931383,34.0877386558649,34.2428482334704,34.6544607385305,35.0397779716183,35.9,36.3601849657081,36.4951565263199,37.0540249561135,37.1949279114683,37.5367781625544,37.7737014831982,37.9094527628471,41.1,39.4,39.2,39.2,39.3,39.8,40.3,40.7,41,41.1,41.2,41.3,41.6,42.9
40,41.7,42.3,42.1,42.1,42.1,42.1,42.2,42.5,42.6,42.8,43.1,43,36.5,29.3,27.6,29.8599549961426,31.283642207373,32.2201816325929,33.171771378411,33.7263524975591,33.8724774120043,33.8136101246714,33.641055436257,33.4448206315857,33.2628696028516,33.1861795779326,35,33.1,33,33.6,33.9,34.4,37,39.9,39.7,38.3,38.7,39.3,39.9,40.1,40.1,40.1,40.2,40.2,40.3,40.4,40.7,40.7,40.9,41,41.2,41.1,41.1,41.1,41.1,41.1,41.1,41.2,41.3,41.4,36,27.5,26.7,30.5404548935348,32.7751015945391,34.1105357390331,34.9132073470204,35.4244287351628,35.8322588361609,36.2474913347679,36.5547413809288,36.8764520043502,37.6190893010532,37.7286496305184,37.9,34.7,35.6,34.1,35,33.8,34.7,36.9,39.8,39.3,40.1,40.5,40.9,41.6,42.1,42.4,42.7,43,43.1,43.3,43.6,44.1
41,40.9,41.4,41.1,41.1,41.1,41.1,41.3,41.6,41.6,41.9,42,41.9,35.8,28.4,26.6,29.842146584757,31.5781988720286,32.6527401810191,33.2560801658254,33.5742453163693,33.7770841166551,33.7848648550298,33.7391220890327,33.6495088026086,33.5680993461226,33.5222766350923,35.9,35.1707767461879,37.6,36.8799973071851,37.7,37.7,37.9641830952042,38.1,38.2,36.8,37.4,38,38.3,38.3,38.4,38.4,38.4,38.4,38.5,38.6,38.9,38.9,39,39.2,39.2,39.2,39.3,39.4,39.4,39.5,39.5,39.5,39.5,39.5,33.9,26.5,24.8,29.5367124817724,32.150295077097,33.677182397047,34.4423042840666,34.784208859334,34.9385671974224,34.9882650823055,35.0522470216907,35.1062685568949,36.2880176688647,36.7130807735223,39.4,38.8434161252271,40.3,39.7213485795727,40.1,39.9,39.8759166816205,40.5,40.5,38.4,38.8,39.1,39.3,39.8,40.1,40.4,40.7,40.9,41,41.2,41.6,42.2
42,41.2,41.6,41.3,41.2,41.2,41.2,41.4,41.8,41.8,42.1,42.2,42.1,40.8955625328879,29.2,27.4,25.7,29.4341144703541,31.3805421612096,32.5410022063007,33.237278757592,33.7142456396171,34.3291518694319,34.5205568500048,34.5345552903887,34.623314265516,34.7543686026521,38.3,36.9670397782381,39.9,38.4287189043729,39.9,39.8,39.3342298500216,40.4,39.4,37.8,38.1,38.7,39.1,39.2,39.4,39.4,39.4,39.4,39.5,39.5,39.7,39.8,39.9,39.9,39.9,39.9,39.9,40,40.1,40.2,40.2,40.2,40.1,39.7951542492066,35.3,27.5,25.9,29.8,32.5808007036276,34.6913554305244,35.5590056522364,35.8423730221951,35.9249584735487,36.2699868228323,36.4942055176059,36.6157201837828,37.687634089842,38.0242831109224,42,40.5314409085998,43,41.3338962269367,42.8,42.4,41.3890416175166,43.4,42.8,40.1,40.4,40.5,40.6,40.8,41.1,41.3,41.4,41.6,41.7,41.9,42.2,42.5
43,43,43.6,43.2,43.2,43.2,43.2,43.4,43.7,43.7,44,44.1,43.9,37.7,30.2,28.1,26.5,30.5620973989513,33.0373863524383,34.5177757043145,35.2822183863107,35.6994100574588,35.7569170023129,35.7107244222452,35.6029107731952,35.556867667608,35.5540378877668,38.2,37.9,37.8,37.6,37.4,37.8,38.8,41.1,41.8,37.9,38.8,39.7,40.3,40.5,40.6,40.6,40.6,40.6,40.7,40.8,41.1,41.2,41.3,41.4,41.5,41.4,41.5,41.5,41.6,41.7,41.7,41.7,41.7,41.7,36,28.3,26.6,31.5330345697071,34.2545970725055,35.9253089188816,36.7664259940366,37.1494904991926,37.3556026475759,37.4576252626165,37.5685736598664,37.6718019747494,38.8627685746678,39.2546292542132,41.8,40.8,40.7,39.5,40.3,39.5,40.1,41.8,42.6,40.7,41.2,41.5,41.7,42.1,42.3,42.6,42.8,43.1,43.1,43.3,43.6,44.1
44,42.4,42.8,42.5,42.4,42.4,42.3,42.6,42.9,42.9,43.2,43.3,43.2,38.2,31.4,29.7,28.1,27.1,36.1,35.5565712048224,36.6818871190769,36.2276555612482,34.9806639521844,36.5,37.5,32.7981686898666,38.4,38.8,39.3,39.3,38.8,38.9,39.1,39.9,41,40.7,37.1,37.8,38.8,39.3,39.6,39.8,39.8,39.8,39.8,39.9,40,40.3,40.4,40.4,40.4,40.5,40.5,40.6,40.6,40.8,40.9,40.9,40.9,40.9,40.9,36.4,29.2,27.7,33.2,40.4,36.1965762020259,37.7609351299504,38.5722122026532,38.750767121982,42.5,43.1,43.2,39.4295734842793,42.8,42.8,42.5,42.5,41.7,42.1,41.8,42.2,42.9,43,40.1,40.5,40.6,40.7,41,41.4,41.5,41.7,41.9,41.9,42,42.3,42.6
45,46.9,47,46.5,46.5,46.7,46.6,46.7,46.9,47.1,47.8,47.7,47.5,41.5,31.6,29.5,27.8,27,37.5,35.6956990826069,38,38.6,38,38.1,39,39.2,38.5,37.8,37.9,37.4,37.3,37.2,37.9,39.2,40.8,41.9,38.4,39.3,41,41.7,42.6,42.8,42.6,42.5,42.7,42.7,42.9,43.6,43.5,43.2,43.3,43.7,43.6,43.9,44.3,44.3,44.6,44.6,44.5,44.1,44.1,39.1,29.4,27.8,35.2,43,42.7,40.5392793258351,41.4,40.8,41.2,41.8,41.9,41.8,43.2,41.5,40.8,40,38.8,39.4,39.2,39.9,41.3,42.7,41.5,42.1,42.3,42.7,43.2,43.5,43.9,44,44.4,44.2,44.2,44.5,45.2
46,43.2,43.6,43.2,43.1,43,42.9,43.3,43.6,43.7,43.9,42.8088637917971,43.7,42.7168461754406,29.7,28.1,26,24.8,26.7463807488134,28.8619250199963,30.3126695537243,37.1,36.4,36.2,37.1,38.1,38.7,39.5,40.4,40,40.1,40.5,41,41.2,41.5,39.9,36.6,37.6,37.7385416838174,39.2,39.7,39.9,39.8,39.8,39.8,39.8,40,40.4,40.4,40.3,40.3,40.4,40.4,40.6,40.8,41.1,41.1,41.1,40.6720675020168,40.9,40.5293918165918,34.9,26.7,24.6,31.8,39.6,38.3143921155141,37.396766414026,36.8633593160762,41.3,41.5,41.4,42.1,42.1,42.8,42.9,42.9,43.1,42.9,43,43.3,43.9,44.8,44.1,40.2,40.1,40.2403442198911,40.2,40.5,40.7,41,41.1,41.2,41.2,41.2,41.4,41.7
47,46,46.3,45.8,45.5,45.4,45.3,45.8,46.1,46.1,46.4,46.3,46.2,44.8516040937868,31.9,29.9,28.1,26.8,28.3063125836546,34.2,34.4626072425181,34.1,33.5,32.9,34,34.7,36.6,38,40.1,40,39.8,40.2,40.6,41,41.7,41.1,37.9,38.8,39.9,40.4,41.1,41.3,41,40.8,41,41,41.1,41.6,41.6,41.1,41.1,41.4,41.2,41.6,42,42.6,42.3,42.2,41.9,41.6,41.6,41.0896752974192,29.4,27.5,32,35.9,36.1,36.1565483143483,37.3,37.2338399252269,40.1,40.9,40.7,41.4,41.8,42.4,42.8,43,42.8,43,43.2,43.6,44,43.2,41,41,41.1,41.1,41.4,41.6,41.7,41.9,42,42,42.1,42.4,42.8
48,46.5,47.4,47.1,46.7,46.6,46.4,47,45.8935558466021,47.3,47.4,47.4,47.6,41.5,34.3,32.2,30.7,29.6,30.7532890730335,32.8,33.5198456075849,32.5,33.3344805029974,31.8,32.8785959751895,33.7,34.4175347372861,35.0375097854786,35.6149020380291,40.1,40.6,41.2,41.7,42.1,42.5,42.3,43.4,47,44.3,42.9,43.7,43.8,43.5,43.4,43.5,43.5,43.6,44.2,44.1,43.5,43.4,43.7,43.5,43.9,44.4,45.2,44.3047768364504,44.7,44.4,44.2,44,39.9,32.4,30.7,32,34.6,34.6,35.2578809892962,36.7,36.9704333045452,39.7,39.3887496966986,40.9,41.4,40.9089780576274,40.5858767840492,40.3947285991585,42.2,42.2,42.6,43.6,44.3,44.3,43.9,42.4,42.4,42.5,42.6,42.9,43.2,43.3,43.5,43.5,43.5,43.6,43.8,44.2
49,46.5,47.1,46.2344753842207,46.7,46.7,45.9241416440674,47,46.232864509945,47.3,46.5079518983211,47.8,46.8344868722122,44.3,42.8117655605129,34.3,33.7498423014467,31.5,32.7,32.7,32.1,32,33.1399171155751,31.1,32.4617836388475,32.7,33.8201765005508,34.6260267065314,35.2146075881901,35.7579627801248,39.6,39.5556583119677,39.7643081624699,41.5,41.3134208305588,41.3243790784618,43.6,44.3,43.9,43.9,44.6,44.7,44.3,44.1,44.2,44.1,44.2,44.7,44.6,44.2,43.5479051670486,44.2,43.6186642521139,44.5,43.9057348731703,45.7,44.8996460986725,45.3,44.5583573237924,44.7,44.0643989396523,41.7,40.9691888094428,33.2,33.1767085256873,33.7,33.5,34.7211779197501,35.7,38.3,37.9738934728855,39.2,39.0570350775975,39.7,39.9381983363619,40.0419516994729,39.968894387661,39.9765186250636,40.9,41.0355937344834,41.225247410833,43.4,43.164459575504,43.0391811769868,43.1,42.9,43.1,43.3,43.3,43.7,43.9,44,44.2,44.1,44,44.3,44.6
